<configuration>
  <appender name="FILE" class="ch.qos.logback.core.FileAppender">
      <file>googled-engine.log</file>
      <append>true</append>
      <encoder>
        <pattern>[%d{yyyy-MM-dd HH:mm:ss}] {%thread} \(%logger{0} - %line\) [%level] %msg %n</pattern>
        <charset>utf8</charset>
      </encoder>
  </appender>
  <appender name="STDOUT" class="ch.qos.logback.core.ConsoleAppender">
  <encoder>
      <pattern>[%d{yyyy-MM-dd HH:mm:ss}] {%thread} \(%logger{0} - %line\) [%level] %msg %n</pattern>
      <charset>utf8</charset>
    </encoder>
  </appender>

  <root level="info">
    <appender-ref ref="STDOUT" />
    <appender-ref ref="FILE" />
  </root>
</configuration>
